City_ID,City,Country,Lat,Lng,Max Temp,Humidity,Cloudiness,Wind Speed,Current Description
0,Mombetsu,JP,44.3525,143.3525,38.17,86,100,8.95,light rain
1,Oistins,BB,13.0667,-59.5333,82.49,65,40,19.57,scattered clouds
2,Terrace,CA,54.5163,-128.6035,30.11,37,20,6.91,few clouds
3,Yellowknife,CA,62.456,-114.3525,-8.45,70,75,13.8,broken clouds
4,Jijiga,ET,9.35,42.8,59.7,46,45,10.25,scattered clouds
5,Cape Town,ZA,-33.9258,18.4232,72.91,68,0,5.75,clear sky
6,Rikitea,PF,-23.1203,-134.9692,73.89,78,56,7.87,light rain
7,Berezanka,UA,46.8526,31.388,42.69,86,100,11.03,overcast clouds
8,Keti Bandar,PK,24.1447,67.4497,75.15,59,4,7.27,clear sky
9,Alofi,NU,-19.0595,-169.9187,80.49,69,75,17.27,broken clouds
10,Shu,KZ,43.5983,73.7614,28.58,43,100,0.45,overcast clouds
11,Port Alfred,ZA,-33.5906,26.891,68.18,82,9,8.01,clear sky
12,Puerto Leguizamo,CO,-0.1934,-74.7819,80.08,84,100,2.82,overcast clouds
13,Mar Del Plata,AR,-38.0023,-57.5575,83.82,88,0,18.41,clear sky
14,Bambous Virieux,MU,-20.3428,57.7575,75.45,83,75,4.61,broken clouds
15,Guerrero Negro,MX,27.9769,-114.0611,68.16,55,9,11.34,clear sky
16,Hasaki,JP,35.7333,140.8333,57.6,66,97,24.49,overcast clouds
17,Dikson,RU,73.5069,80.5464,-1.59,99,86,3.06,overcast clouds
18,Busselton,AU,-33.65,115.3333,58.05,69,0,12.55,clear sky
19,Barrow,US,71.2906,-156.7887,-7.2,94,18,11.03,few clouds
20,Albany,US,42.6001,-73.9662,44.56,70,89,11.25,overcast clouds
21,Birin,NP,26.8865,88.0718,49.51,72,0,4.68,clear sky
22,Punta Arenas,CL,-53.15,-70.9167,59.02,66,87,25.14,overcast clouds
23,Cockburn Town,TC,21.4612,-71.1419,82.36,65,40,5.75,scattered clouds
24,Mount Gambier,AU,-37.8333,140.7667,53.73,87,46,5.03,scattered clouds
25,Teknaf,BD,20.8624,92.3058,74.59,91,6,3.49,clear sky
26,Hermanus,ZA,-34.4187,19.2345,69.8,78,8,9.82,clear sky
27,Alta Floresta,BR,-9.8756,-56.0861,87.62,58,40,5.75,scattered clouds
28,Ushuaia,AR,-54.8,-68.3,65.86,32,75,10.36,broken clouds
29,Saint Anthony,US,45.0205,-93.218,43.3,62,75,11.5,broken clouds
30,Puerto Ayora,EC,-0.7393,-90.3518,71.55,84,92,5.99,overcast clouds
31,Jamestown,US,42.097,-79.2353,37.02,67,100,13.8,overcast clouds
32,Beyneu,KZ,45.3167,55.2,31.08,61,92,9.4,overcast clouds
33,Muttupet,IN,10.4,79.4833,75.25,85,80,8.3,broken clouds
34,Faya,SA,18.3851,42.4509,57.31,65,4,3.51,clear sky
35,Tasiilaq,GL,65.6145,-37.6368,19.65,63,88,9.22,overcast clouds
36,Tessalit,ML,20.1986,1.0114,73.9,16,100,7.65,overcast clouds
37,Los Llanos De Aridane,ES,28.6585,-17.9182,67.12,79,40,10.36,scattered clouds
38,Yanaul,RU,56.2719,54.9309,-1.84,99,53,3.29,broken clouds
39,Ambalavao,MG,-21.8333,46.9333,68.86,77,76,2.01,broken clouds
40,Qaanaaq,GL,77.484,-69.3632,-8.75,93,92,5.55,overcast clouds
41,Agadez,NE,19.75,10.25,61.77,25,93,8.61,overcast clouds
42,Ituiutaba,BR,-18.9689,-49.465,81.86,46,73,8.03,broken clouds
43,Hambantota,LK,6.1241,81.1185,76.91,84,99,8.66,overcast clouds
44,Hobart,AU,-42.8794,147.3294,50.25,73,20,10.36,few clouds
45,Naze,JP,28.3667,129.4833,72.52,90,99,11.81,overcast clouds
46,Hilo,US,19.7297,-155.09,79.61,89,75,5.01,light rain
47,Dogondoutchi,NE,13.6393,4.0287,77.99,15,100,6.04,overcast clouds
48,Waingapu,ID,-9.6567,120.2641,77.76,86,99,5.28,overcast clouds
49,Palmer,US,42.1584,-72.3287,48.85,61,93,4.0,overcast clouds
50,Lagoa,PT,39.05,-27.9833,65.7,87,88,26.62,moderate rain
51,Oyo,NG,7.85,3.9333,76.3,62,43,3.49,scattered clouds
52,Faanui,PF,-16.4833,-151.75,78.69,72,6,9.15,clear sky
53,Lazaro Cardenas,MX,17.9583,-102.2,82.6,67,76,7.07,broken clouds
54,Cidreira,BR,-30.1811,-50.2056,70.43,85,10,17.52,clear sky
55,Sao Filipe,CV,14.8961,-24.4956,76.15,64,79,11.48,broken clouds
56,Port Lincoln,AU,-34.7333,135.8667,58.46,68,73,6.96,broken clouds
57,Nanortalik,GL,60.1432,-45.2371,35.28,83,100,14.05,overcast clouds
58,Rawlins,US,41.7911,-107.2387,29.35,86,100,14.36,snow
59,Mehamn,NO,71.0357,27.8492,33.75,86,75,11.5,broken clouds
60,Kapaa,US,22.0752,-159.319,80.58,82,100,10.31,overcast clouds
61,Mataura,NZ,-46.1927,168.8643,59.49,66,99,3.15,overcast clouds
62,Port-Gentil,GA,-0.7193,8.7815,78.76,89,20,2.3,few clouds
63,Pisco,PE,-13.7,-76.2167,73.45,64,100,9.22,overcast clouds
64,Selma,US,36.5708,-119.6121,63.18,43,0,6.91,clear sky
65,Vao,NC,-22.6667,167.4833,77.86,86,96,16.73,overcast clouds
66,Atuona,PF,-9.8,-139.0333,77.81,74,7,13.18,clear sky
67,Kangaatsiaq,GL,68.3065,-53.4641,19.62,67,100,17.02,overcast clouds
68,Grand Gaube,MU,-20.0064,57.6608,75.6,77,100,1.99,overcast clouds
69,Ilulissat,GL,69.2167,-51.1,7.7,68,21,7.99,few clouds
70,Todos Santos,MX,23.45,-110.2167,84.31,56,0,8.37,clear sky
71,Talas,TR,38.6908,35.5538,32.67,100,100,2.3,mist
72,Tuatapere,NZ,-46.1333,167.6833,58.82,67,100,3.22,overcast clouds
73,General Higinio Morinigo,PY,-25.95,-55.9167,77.41,68,97,1.7,overcast clouds
74,Longyearbyen,SJ,78.2186,15.6401,37.24,81,75,2.3,broken clouds
75,Henties Bay,NA,-22.116,14.2845,60.21,80,2,4.59,clear sky
76,Naples,IT,40.8333,14.25,53.65,71,99,4.0,overcast clouds
77,Soyo,AO,-6.1349,12.3689,78.67,84,80,5.46,broken clouds
78,Cabo San Lucas,MX,22.8909,-109.9124,81.61,60,1,5.01,clear sky
79,Grindavik,IS,63.8424,-22.4338,34.27,75,20,13.8,few clouds
80,Nikolskoye,RU,59.7035,30.7861,26.49,96,88,5.23,overcast clouds
81,Norman Wells,CA,65.282,-126.8329,-20.16,76,75,4.61,light snow
82,Talmenka,RU,53.8183,83.5677,-12.62,89,81,2.17,broken clouds
83,Chara,RU,56.9064,118.2631,-22.76,84,97,1.5,overcast clouds
84,Ribeira Grande,PT,38.5167,-28.7,68.4,88,75,30.0,broken clouds
85,Avarua,CK,-21.2078,-159.775,80.65,69,20,16.11,few clouds
86,Muravlenko,RU,63.7898,74.523,-6.93,91,78,9.22,broken clouds
87,Rio Gallegos,AR,-51.6226,-69.2181,60.85,67,100,19.57,light rain
88,Tuktoyaktuk,CA,69.4541,-133.0374,-16.6,83,75,9.22,broken clouds
89,Vaitape,PF,-16.5167,-151.75,78.69,72,6,9.33,clear sky
90,Tiksi,RU,71.6872,128.8694,-28.03,100,48,6.87,scattered clouds
91,Souillac,MU,-20.5167,57.5167,75.58,83,75,4.61,broken clouds
92,Ziyang,CN,29.2497,117.8547,61.84,95,100,5.66,overcast clouds
93,Bluff,NZ,-46.6,168.3333,59.81,81,100,7.02,overcast clouds
94,Carnarvon,AU,-24.8667,113.6333,70.95,83,0,14.85,clear sky
95,Katobu,ID,-4.9408,122.5276,75.78,91,91,0.43,overcast clouds
96,Georgetown,MY,5.4112,100.3354,79.23,90,20,0.0,few clouds
97,Lompoc,US,34.6391,-120.4579,67.01,70,40,10.36,scattered clouds
98,Touros,BR,-5.1989,-35.4608,78.91,75,52,9.24,broken clouds
99,Obzor,BG,42.8167,27.8833,44.82,86,100,17.07,overcast clouds
100,Aklavik,CA,68.2191,-135.0107,-24.25,92,61,4.74,broken clouds
101,Cherskiy,RU,68.75,161.3,2.19,96,100,6.46,overcast clouds
102,Luderitz,NA,-26.6481,15.1594,60.55,89,42,2.15,scattered clouds
103,Ancud,CL,-41.8697,-73.8203,60.67,72,59,12.26,broken clouds
104,Upernavik,GL,72.7868,-56.1549,11.07,95,96,16.84,overcast clouds
105,Isangel,VU,-19.55,169.2667,80.71,83,14,5.75,few clouds
106,Saldanha,ZA,-33.0117,17.9442,73.45,63,77,7.09,broken clouds
107,Hamilton,US,39.1834,-84.5333,47.75,84,97,3.06,overcast clouds
108,Koungou,YT,-12.7336,45.2042,78.51,78,0,4.61,clear sky
109,Urumqi,CN,43.801,87.6005,-10.25,84,0,0.0,clear sky
110,Kieta,PG,-6.2167,155.6333,80.51,84,95,3.62,light rain
111,Udachnyy,RU,66.4167,112.4,-26.03,100,97,3.58,overcast clouds
112,Taltal,CL,-25.4,-70.4833,67.01,77,49,7.31,scattered clouds
113,Pevek,RU,69.7008,170.3133,5.54,90,87,5.12,overcast clouds
114,Rincon,US,32.296,-81.2354,72.86,55,0,1.01,clear sky
115,East London,ZA,-33.0153,27.9116,67.95,79,46,21.94,scattered clouds
116,Vardo,NO,70.3705,31.1107,31.98,86,75,12.66,broken clouds
117,Mahebourg,MU,-20.4081,57.7,75.49,83,75,4.61,broken clouds
118,Biloela,AU,-24.4167,150.5,74.98,81,98,4.74,heavy intensity rain
119,Nadym,RU,65.5333,72.5167,7.93,88,100,9.69,overcast clouds
120,Prince Albert,CA,53.2001,-105.7677,19.35,73,100,17.27,overcast clouds
121,Monrovia,LR,6.3005,-10.7969,78.42,80,25,8.5,scattered clouds
122,West Wendover,US,40.7391,-114.0733,34.47,74,100,15.79,snow
123,Along,IN,28.1667,94.7667,51.53,61,0,2.08,clear sky
124,Port Elizabeth,ZA,-33.918,25.5701,66.49,88,20,14.97,few clouds
125,Lebu,CL,-37.6167,-73.65,61.59,76,8,15.82,clear sky
126,Rawson,AR,-43.3002,-65.1023,76.73,54,71,19.53,light rain
127,Adre,TD,13.4667,22.2,71.19,27,6,7.09,clear sky
128,Palasa,IN,18.7667,84.4167,66.34,61,6,3.98,clear sky
129,Arraial Do Cabo,BR,-22.9661,-42.0278,75.16,88,40,19.57,scattered clouds
130,Kavieng,PG,-2.5744,150.7967,82.94,65,21,4.38,few clouds
131,Balaguer,ES,41.7912,0.8109,50.16,77,0,3.31,clear sky
132,Port Hardy,CA,50.6996,-127.4199,37.58,75,75,4.61,broken clouds
133,Kamenka,RU,51.3223,42.7678,23.7,60,27,9.06,scattered clouds
134,Vaini,TO,-21.2,-175.2,82.56,78,20,10.36,few clouds
135,Korla,CN,41.7597,86.1469,14.74,33,41,20.62,scattered clouds
136,Sarangani,PH,5.4033,125.4636,83.3,73,100,19.26,overcast clouds
137,Fairbanks,US,64.8378,-147.7164,-7.02,85,11,2.44,few clouds
138,Constitucion,CL,-35.3333,-72.4167,64.06,72,10,8.1,clear sky
139,Macusani,PE,-14.0833,-70.4333,42.71,78,86,12.06,overcast clouds
140,La Ronge,CA,55.1001,-105.2842,19.62,79,100,12.66,light snow
141,Thompson,CA,55.7435,-97.8558,19.56,86,100,17.27,light snow
142,Tindivanam,IN,12.25,79.65,72.52,86,46,4.56,scattered clouds
143,Tucson,US,32.2217,-110.9265,74.86,15,91,5.99,overcast clouds
144,Suntar,RU,62.1444,117.6319,-26.5,98,40,3.78,scattered clouds
145,Khatanga,RU,71.9667,102.5,-13.07,98,100,7.16,overcast clouds
146,Bambanglipuro,ID,-7.95,110.2833,76.59,87,100,0.11,light rain
147,Barrhead,GB,55.7992,-4.3929,40.82,97,6,1.14,fog
148,Requena,ES,39.4883,-1.1004,47.79,62,34,6.51,scattered clouds
149,Leh,IN,34.1667,77.5833,13.44,49,0,1.95,clear sky
150,Banyo,CM,6.75,11.8167,67.93,40,15,3.33,few clouds
151,Alice Springs,AU,-23.7,133.8833,58.55,72,0,5.75,clear sky
152,Bredasdorp,ZA,-34.5322,20.0403,64.49,89,65,6.44,broken clouds
153,Daru,PG,-9.0763,143.2092,76.53,93,100,9.28,overcast clouds
154,Ahipara,NZ,-35.1667,173.1667,64.35,68,99,9.04,overcast clouds
155,Kysyl-Syr,RU,63.8986,122.7617,-37.53,100,90,3.6,overcast clouds
156,Perelyub,RU,51.8667,50.3667,17.46,76,3,10.36,clear sky
157,Palana,RU,59.1167,159.9667,21.31,95,100,5.12,snow
158,Aksay,RU,47.26,39.87,36.25,55,35,11.01,scattered clouds
159,Egvekinot,RU,66.3167,-179.1667,7.38,86,60,3.56,broken clouds
160,Castro,BR,-24.7911,-50.0119,60.33,96,100,9.66,overcast clouds
161,Severo-Kurilsk,RU,50.6789,156.125,30.58,70,94,26.91,light snow
162,Kulhudhuffushi,MV,6.6221,73.07,80.1,72,100,1.01,overcast clouds
163,Esperance,AU,-33.8667,121.9,53.11,85,0,10.49,clear sky
164,Tazovskiy,RU,67.4667,78.7,9.97,95,100,6.87,light snow
165,Lodja,CD,-3.4833,23.4333,69.69,99,96,0.72,overcast clouds
166,Ponta Do Sol,PT,32.6667,-17.1,69.01,76,54,7.31,broken clouds
167,Neiafu,TO,-18.65,-173.9833,80.08,72,92,18.92,overcast clouds
168,Kahului,US,20.8947,-156.47,77.85,85,100,4.0,overcast clouds
169,Chokurdakh,RU,70.6333,147.9167,-37.01,100,99,3.49,overcast clouds
170,Haines Junction,CA,60.7522,-137.5108,0.14,89,78,3.8,broken clouds
171,Brae,GB,60.3964,-1.353,47.16,84,14,10.83,few clouds
172,Clyde River,CA,70.4692,-68.5914,-13.97,96,98,9.13,overcast clouds
173,Carnduff,CA,49.1667,-101.8009,20.37,75,100,22.46,overcast clouds
174,Norwood,US,42.1945,-71.1995,50.09,61,19,14.0,few clouds
175,Mattoon,US,39.4831,-88.3728,44.67,67,100,8.66,overcast clouds
176,College,US,64.8569,-147.8028,-7.02,85,11,2.55,few clouds
177,Lasa,IT,46.6166,10.7002,38.35,97,100,1.45,overcast clouds
178,Canoinhas,BR,-26.1772,-50.39,60.57,94,100,5.84,overcast clouds
179,Sidhi,IN,24.4167,81.8833,58.53,52,0,0.98,clear sky
180,Ewa Beach,US,21.3156,-158.0072,77.09,82,100,5.99,light rain
181,San Quintin,MX,30.4833,-115.95,63.12,69,13,11.5,few clouds
182,Hongjiang,CN,27.11,109.9956,55.87,93,100,6.6,overcast clouds
183,Saint-Philippe,RE,-21.3585,55.7679,71.19,76,78,5.37,broken clouds
184,San Cristobal,VE,7.7669,-72.225,74.75,76,100,1.57,overcast clouds
185,Inuvik,CA,68.3499,-133.7218,-14.04,76,20,0.0,few clouds
186,Takoradi,GH,4.8845,-1.7554,78.66,82,55,7.11,light rain
187,Yulara,AU,-25.2406,130.9889,67.82,34,0,13.4,clear sky
188,Podor,MR,16.6527,-14.9587,81.19,14,88,10.65,overcast clouds
189,Kaitangata,NZ,-46.2817,169.8464,55.35,76,100,3.69,overcast clouds
190,Vila Velha,BR,-20.3297,-40.2925,75.15,83,75,10.36,moderate rain
191,Utica,US,43.1009,-75.2327,39.4,90,100,1.99,overcast clouds
192,Teguldet,RU,57.3064,88.1667,-5.82,92,94,7.0,overcast clouds
193,Yar-Sale,RU,66.8333,70.8333,12.52,96,100,5.1,light snow
194,San Policarpo,PH,12.1791,125.5072,82.11,83,85,12.84,overcast clouds
195,Ladario,BR,-19.0047,-57.6017,98.31,20,34,5.35,scattered clouds
196,Maddarulug,PH,17.6167,121.6808,73.33,88,12,2.39,few clouds
197,Matara,LK,5.9485,80.5353,75.96,89,98,2.3,overcast clouds
198,Saskylakh,RU,71.9167,114.0833,-19.01,95,100,4.65,overcast clouds
199,Guarapari,BR,-20.6667,-40.4975,73.06,95,100,12.66,moderate rain
200,Cayenne,GF,4.9333,-52.3333,80.64,78,0,5.75,clear sky
201,Skjervoy,NO,70.0311,20.9714,30.2,66,100,9.57,overcast clouds
202,Preetz,DE,54.2333,10.2833,39.22,98,100,8.05,light rain
203,Soligalich,RU,59.0778,42.2864,9.81,97,100,2.84,overcast clouds
204,Olafsvik,IS,64.8945,-23.7142,41.34,73,75,14.03,broken clouds
205,Pontianak,ID,-0.0333,109.3333,73.38,100,75,1.14,mist
206,Krasnoselkup,RU,65.7,82.4667,-3.82,94,100,9.15,overcast clouds
207,Sepolno Krajenskie,PL,53.452,17.5317,35.08,94,10,10.09,clear sky
208,Agropoli,IT,40.3469,14.9966,53.1,72,100,5.03,overcast clouds
209,Michigan City,US,41.7075,-86.895,45.12,64,40,4.61,scattered clouds
210,Hithadhoo,MV,-0.6,73.0833,80.62,76,28,7.85,scattered clouds
211,Pauini,BR,-7.7136,-66.9764,88.21,54,91,3.65,overcast clouds
212,Bethel,US,41.3712,-73.414,49.89,63,52,1.01,broken clouds
213,Banswada,IN,18.3833,77.8833,62.94,50,1,3.0,clear sky
214,Batemans Bay,AU,-35.7167,150.1833,59.09,77,31,4.43,scattered clouds
215,Porto Novo,BJ,6.4965,2.6036,79.65,79,7,6.78,clear sky
216,Saint George,US,37.1041,-113.5841,53.44,33,0,4.61,clear sky
217,Pangnirtung,CA,66.1451,-65.7125,6.62,89,100,2.46,overcast clouds
218,Yerbogachen,RU,61.2767,108.0108,-13.47,100,100,1.9,overcast clouds
219,Paracatu,BR,-17.2222,-46.8747,78.46,62,58,1.83,heavy intensity rain
220,Gizo,SB,-8.103,156.8419,82.51,76,100,8.03,light rain
221,Olga,RU,43.7444,135.2892,30.47,94,100,7.9,light snow
222,Coahuayana,MX,18.7333,-103.6833,86.27,56,9,5.91,clear sky
223,Verkhoyansk,RU,67.5447,133.385,-46.39,100,67,1.28,broken clouds
224,Talnakh,RU,69.4865,88.3972,-4.0,98,100,7.83,overcast clouds
225,Carutapera,BR,-1.195,-46.02,80.02,75,51,7.16,broken clouds
226,Butaritari,KI,3.0707,172.7902,80.92,76,32,8.32,scattered clouds
227,Narsaq,GL,60.9167,-46.05,44.82,86,100,5.91,overcast clouds
228,Inhambane,MZ,-23.865,35.3833,73.87,81,100,15.1,light rain
229,Fortuna,US,40.5982,-124.1573,51.66,85,100,12.66,overcast clouds
230,Mercedes,AR,-34.6515,-59.4307,92.03,19,28,13.06,scattered clouds
231,San Joaquin,US,37.9333,-121.3011,64.53,45,0,17.27,clear sky
232,Comodoro Rivadavia,AR,-45.8667,-67.5,87.66,20,0,12.66,clear sky
233,Sao Joao Da Barra,BR,-21.6403,-41.0511,73.9,90,80,15.7,broken clouds
234,Huarmey,PE,-10.0681,-78.1522,70.5,75,32,7.14,scattered clouds
235,Sitka,US,57.0531,-135.33,31.17,53,42,5.19,scattered clouds
236,Fare,PF,-16.7,-151.0167,78.48,75,39,10.71,scattered clouds
237,Turinskaya Sloboda,RU,57.6232,64.3858,-1.32,90,11,5.12,few clouds
238,Santiago De Cuba,CU,20.0247,-75.8219,82.6,67,10,4.34,clear sky
239,Hami,CN,42.8,93.45,6.84,26,0,0.83,clear sky
240,Mount Isa,AU,-20.7333,139.5,74.97,43,100,8.05,overcast clouds
241,Provideniya,RU,64.3833,-173.3,24.91,68,40,15.66,scattered clouds
242,Puerto Ayacucho,VE,5.6639,-67.6236,78.01,84,95,0.38,overcast clouds
243,New Norfolk,AU,-42.7826,147.0587,49.91,70,72,1.99,broken clouds
244,San Patricio,US,28.017,-97.5169,69.89,67,0,6.8,clear sky
245,San Diego De Los Banos,CU,22.6467,-83.3697,82.0,64,74,4.32,broken clouds
246,Tommot,RU,58.9564,126.2925,-17.81,99,100,1.23,overcast clouds
247,Hirara,JP,24.8,125.2833,78.53,79,0,12.5,clear sky
248,Usagara,TZ,-2.6833,33.0,69.31,77,92,4.09,light rain
249,Cotonou,BJ,6.3654,2.4183,81.21,78,29,10.54,scattered clouds
250,Tweed,CA,44.4751,-77.3162,33.06,82,10,4.9,clear sky
251,San Ramon,US,37.7799,-121.978,62.56,62,0,19.57,clear sky
252,Moose Factory,CA,51.2585,-80.6094,26.58,59,100,8.05,overcast clouds
253,Cabedelo,BR,-6.9811,-34.8339,79.75,74,26,13.04,scattered clouds
254,Palaikastron,GR,35.2,26.25,61.16,77,2,6.4,clear sky
255,Charters Towers,AU,-20.1,146.2667,74.86,82,100,8.03,overcast clouds
256,Mabaruma,GY,8.2,-59.7833,75.96,96,100,4.41,overcast clouds
257,Ensenada,MX,31.8667,-116.6167,63.95,71,49,7.87,scattered clouds
258,Olinda,BR,-8.0089,-34.8553,80.33,74,40,9.22,scattered clouds
259,Bud,US,39.447,-86.1758,45.91,86,100,4.92,overcast clouds
260,Camabatela,AO,-8.1881,15.375,62.73,99,100,2.19,overcast clouds
261,Barao De Melgaco,BR,-16.1944,-55.9675,99.48,15,0,4.16,clear sky
262,Maceio,BR,-9.6658,-35.7353,80.04,78,0,9.22,clear sky
263,Kourou,GF,5.1552,-52.6478,80.65,83,95,6.24,overcast clouds
264,Eureka,US,40.8021,-124.1637,52.57,83,99,7.0,overcast clouds
265,Flinders,AU,-34.5833,150.8552,64.18,66,1,8.99,clear sky
266,Cancun,MX,21.1743,-86.8466,78.06,88,100,7.94,light rain
267,Aktau,KZ,43.65,51.2,32.58,67,100,8.72,overcast clouds
268,Leningradskiy,RU,69.3833,178.4167,-4.92,88,40,4.14,scattered clouds
269,Moldovita,RO,47.6833,25.5333,30.52,97,100,2.71,overcast clouds
270,La Palma,US,33.8464,-118.0467,66.96,69,75,8.05,broken clouds
271,Badvel,IN,14.75,79.05,70.45,93,9,3.62,clear sky
272,Daoukro,CI,7.0591,-3.9631,77.63,77,99,3.65,light rain
273,Buala,SB,-8.145,159.5921,81.57,80,100,6.31,light rain
274,Torbay,CA,47.6666,-52.7314,39.76,96,100,5.99,light rain
275,Formosa,AR,-26.1775,-58.1781,89.58,48,20,10.36,few clouds
276,Nouadhibou,MR,20.931,-17.0347,72.36,50,0,11.74,clear sky
277,Richards Bay,ZA,-28.783,32.0377,67.57,77,94,2.06,overcast clouds
278,Katangli,RU,51.7102,143.2326,1.6,99,82,4.23,broken clouds
279,Conceicao Do Mato Dentro,BR,-19.0372,-43.425,71.06,88,91,3.06,light rain
280,Bosaso,SO,11.2842,49.1816,75.92,76,59,2.75,broken clouds
281,Tura,IN,25.5198,90.2201,60.49,72,0,3.58,clear sky
282,Manzhouli,CN,49.6,117.4333,-9.45,88,100,22.46,overcast clouds
283,Manta,EC,-0.95,-80.7333,75.13,76,82,14.16,broken clouds
284,Chumikan,RU,54.7183,135.315,-6.47,86,4,11.48,clear sky
285,Fukue,JP,32.6881,128.8419,69.93,92,78,17.56,broken clouds
286,Reconquista,AR,-29.15,-59.65,99.25,18,0,12.33,clear sky
287,Kloulklubed,PW,7.0419,134.2556,79.3,78,83,18.81,broken clouds
288,Vega De Alatorre,MX,20.0333,-96.6333,77.22,85,46,4.59,scattered clouds
289,Bundaberg,AU,-24.85,152.35,78.22,91,100,1.99,overcast clouds
290,Hammerfest,NO,70.6634,23.6821,34.25,75,0,4.61,clear sky
291,Mazatlan,MX,23.2167,-106.4167,79.92,71,0,4.0,clear sky
292,Whitehorse,CA,60.7161,-135.0538,5.31,69,100,11.99,overcast clouds
293,Boo,SE,59.3333,18.2833,38.77,89,75,5.75,broken clouds
294,Malanje,AO,-9.5402,16.341,63.37,97,100,3.09,overcast clouds
295,Wicklow,IE,53.0,-6.4167,41.05,89,68,4.12,broken clouds
296,Mecca,SA,21.4267,39.8261,77.81,69,57,0.72,broken clouds
297,Barra,BR,-11.0894,-43.1417,69.93,94,100,4.14,light rain
298,Aksarka,RU,66.5606,67.7975,13.24,95,100,5.64,overcast clouds
299,Lublin,PL,51.0,23.0,31.59,91,97,9.91,overcast clouds
300,Bengkulu,ID,-3.8004,102.2655,76.42,86,100,3.18,overcast clouds
301,Sikeston,US,36.8767,-89.5879,55.29,71,75,4.61,broken clouds
302,Eenhana,NA,-17.4667,16.3333,76.19,50,92,2.98,overcast clouds
303,Manzanillo,CU,20.3433,-77.1167,87.13,49,13,3.96,few clouds
304,Homa Bay,KE,-0.5273,34.4571,67.5,81,97,4.85,light rain
305,Rosetta,EG,31.4044,30.4164,62.78,62,1,6.76,clear sky
306,Namibe,AO,-15.1961,12.1522,70.21,86,99,8.12,overcast clouds
307,Winslow,US,35.0242,-110.6974,55.58,21,0,28.77,clear sky
308,Santander,ES,43.4647,-3.8044,53.46,93,75,11.5,broken clouds
309,Tual,ID,-5.6667,132.75,84.56,74,100,14.97,overcast clouds
310,Viedma,AR,-40.8135,-62.9967,96.08,22,14,13.09,few clouds
311,Salinopolis,BR,-0.6136,-47.3561,81.1,75,76,10.38,broken clouds
312,Muroto,JP,33.2833,134.15,68.49,83,100,19.95,light rain
313,Merauke,ID,-8.4667,140.3333,76.55,94,100,10.6,overcast clouds
314,Heihe,CN,50.2441,127.4902,-1.61,96,100,13.82,light snow
315,Marawi,PH,7.9986,124.2928,67.37,93,48,1.28,scattered clouds
316,Dedovichi,RU,57.5517,29.9502,26.33,96,100,5.82,overcast clouds
317,Ponta Delgada,PT,37.7333,-25.6667,70.5,94,40,12.66,scattered clouds
318,Port-Cartier,CA,50.0334,-66.8654,24.75,74,36,13.53,scattered clouds
319,Ukiah,US,39.1502,-123.2078,55.85,60,0,9.22,clear sky
320,Smithers,CA,54.7804,-127.1743,18.57,69,80,4.23,broken clouds
321,Udon Thani,TH,17.3333,102.8333,81.9,79,86,2.95,overcast clouds
322,Victoria,HK,22.2855,114.1577,77.38,92,7,5.01,clear sky
323,Lata,PT,40.1629,-8.3327,56.8,92,17,2.28,few clouds
324,Mersing,MY,2.4312,103.8405,77.9,87,29,4.25,scattered clouds
325,Watertown,US,42.3709,-71.1828,49.69,59,0,17.0,clear sky
326,Pakxan,LA,18.3778,103.6601,72.27,92,23,3.36,few clouds
327,Beneditinos,BR,-5.45,-42.3667,77.0,84,100,5.82,moderate rain
328,Makakilo City,US,21.3469,-158.0858,75.69,79,100,6.91,light rain
329,Mapimi,MX,25.8167,-103.85,76.19,7,0,2.21,clear sky
330,Drumheller,CA,51.4617,-112.7101,15.06,89,100,20.31,overcast clouds
331,Terra Boa,BR,-23.7681,-52.4442,73.27,68,51,9.35,broken clouds
332,Port Blair,IN,11.6667,92.75,79.36,81,61,3.13,broken clouds
333,Lakselv,NO,70.0513,24.9718,30.02,80,96,13.8,overcast clouds
334,Itarema,BR,-2.9248,-39.9167,79.61,73,96,13.35,overcast clouds
335,Voyvozh,RU,62.892,54.9635,6.69,98,96,5.48,overcast clouds
336,Malaga,ES,36.7202,-4.4203,60.69,39,0,16.11,clear sky
337,Manacapuru,BR,-3.2997,-60.6206,85.33,63,99,3.85,heavy intensity rain
338,Lufilufi,WS,-13.8745,-171.5986,83.79,75,66,15.86,broken clouds
339,Zhigansk,RU,66.7697,123.3711,-40.99,100,76,1.32,broken clouds
340,Bardiyah,LY,31.7561,25.0865,62.2,52,5,7.31,clear sky
341,Kontagora,NG,10.3999,5.4695,74.39,26,100,2.44,overcast clouds
342,Baykit,RU,61.67,96.37,-6.25,97,100,4.59,overcast clouds
343,Namatanai,PG,-3.6667,152.4333,82.78,71,84,3.2,broken clouds
344,Balikpapan,ID,-1.2675,116.8289,77.99,94,20,8.05,light rain
345,Geraldton,AU,-28.7667,114.6,61.21,77,0,4.61,clear sky
346,Lumberton,US,34.6182,-79.0086,67.91,52,40,6.91,scattered clouds
347,Dzhebariki-Khaya,RU,62.2167,135.8,-50.76,100,93,2.44,overcast clouds
348,Aviles,ES,43.5547,-5.9248,52.77,84,75,6.91,broken clouds
349,Sangar,RU,63.9242,127.4739,-40.79,100,98,2.64,overcast clouds
350,Speedway,US,39.8023,-86.2672,46.15,81,100,4.61,overcast clouds
351,Sfantu Gheorghe,RO,45.8667,25.7833,31.93,87,100,3.47,overcast clouds
352,Ishigaki,JP,24.3448,124.1572,78.4,83,5,12.33,clear sky
353,Cansahcab,MX,21.1667,-89.1,86.22,58,65,6.11,broken clouds
354,Maunabo,PR,18.0072,-65.8993,82.71,84,8,11.1,clear sky
355,Margate,GB,51.3813,1.3862,48.31,96,56,3.65,broken clouds
356,Barra Dos Coqueiros,BR,-10.9089,-37.0386,80.62,78,75,11.5,light rain
357,Iqaluit,CA,63.7506,-68.5145,-2.31,77,75,44.87,light snow
358,Houma,US,29.5958,-90.7195,79.0,67,0,8.05,clear sky
359,Staroye Drozhzhanoye,RU,54.7266,47.5677,6.62,98,65,4.32,broken clouds
360,Elliot Lake,CA,46.3834,-82.6331,29.17,54,100,3.15,overcast clouds
361,Petropavlovsk-Kamchatskiy,RU,53.0452,158.6483,28.99,51,40,8.95,scattered clouds
362,East Grand Rapids,US,42.9411,-85.61,42.69,61,75,3.44,broken clouds
363,Puerto Penasco,MX,31.3167,-113.5333,65.91,81,64,11.99,broken clouds
364,Saint-Leu,RE,-21.15,55.2833,72.32,75,90,0.69,overcast clouds
365,Chardara,KZ,41.2547,67.9692,49.08,51,96,6.87,overcast clouds
366,Beloha,MG,-25.1667,45.05,72.32,85,5,2.3,clear sky
367,Cristalina,BR,-16.7686,-47.6136,68.25,74,86,3.0,light rain
368,Verkhnyaya Inta,RU,65.9811,60.3094,9.5,92,100,10.76,overcast clouds
369,Arroyo,ES,41.6096,-4.7969,44.08,81,0,6.91,clear sky
370,Winnemucca,US,40.973,-117.7357,37.45,48,37,23.55,scattered clouds
371,Kruisfontein,ZA,-34.0033,24.7314,62.28,84,37,13.24,scattered clouds
372,Antofagasta,CL,-23.65,-70.4,65.48,75,53,7.45,broken clouds
373,Ankazoabo,MG,-22.2833,44.5167,72.64,65,69,10.29,broken clouds
374,Chuy,UY,-33.6971,-53.4616,71.83,77,3,13.04,clear sky
375,Peniche,PT,39.3558,-9.3811,54.45,86,13,10.6,few clouds
376,De-Kastri,RU,51.4667,140.7833,10.67,89,100,1.79,overcast clouds
377,Camacha,PT,33.0833,-16.3333,65.62,64,40,12.66,scattered clouds
378,Moncton,CA,46.1159,-64.8019,36.32,92,100,13.8,overcast clouds
379,Saint-Joseph,RE,-21.3667,55.6167,70.18,77,82,5.95,broken clouds
380,Akureyri,IS,65.6835,-18.0878,25.05,75,10,7.65,clear sky
381,Gorontalo,ID,0.5412,123.0595,74.17,91,90,3.29,overcast clouds
382,Mamallapuram,IN,12.6264,80.1722,77.05,75,87,6.46,overcast clouds
383,Dimitrovgrad,RU,54.2139,49.6184,10.53,96,22,4.7,few clouds
384,Sorland,NO,67.667,12.6934,44.46,72,100,13.56,overcast clouds
385,Belaya Gora,RU,68.5333,146.4167,-23.96,95,100,4.59,overcast clouds
386,Rosario,AR,-32.9468,-60.6393,97.95,23,0,12.66,clear sky
387,Coihaique,CL,-45.5752,-72.0662,66.81,45,75,8.05,broken clouds
388,Stendal,DE,52.6,11.85,40.98,77,100,7.76,light rain
389,Axim,GH,4.8699,-2.2405,78.64,81,75,6.62,light rain
390,Ayorou,NE,14.7308,0.9174,78.22,12,100,8.75,overcast clouds
391,Pacific Grove,US,36.6177,-121.9166,62.02,80,40,12.66,scattered clouds
392,Ngunguru,NZ,-35.6167,174.5,62.56,58,81,6.04,light rain
393,Komsomolskoye,RU,55.2567,47.5461,6.24,99,86,4.16,overcast clouds
394,Machico,PT,32.7,-16.7667,68.72,82,75,12.66,broken clouds
395,Opuwo,NA,-18.0607,13.84,69.13,41,100,8.23,overcast clouds
396,Severobaykalsk,RU,55.65,109.3167,-10.32,73,100,4.7,overcast clouds
397,Padang,ID,-0.9492,100.3543,76.95,86,95,2.68,light rain
398,Arlit,NE,18.7369,7.3853,71.42,22,100,9.6,overcast clouds
399,Tanout,NE,14.9709,8.8879,66.49,32,52,12.3,broken clouds
400,Deputatskiy,RU,69.3,139.9,-37.07,99,25,4.0,scattered clouds
401,Harrison,US,30.4091,-89.0436,75.22,67,0,5.75,clear sky
402,Markova,UA,48.6758,24.4138,29.35,98,96,3.11,overcast clouds
403,Bulgan,MN,48.8125,103.5347,-14.75,79,83,4.54,broken clouds
404,Hofn,IS,64.2539,-15.2082,36.68,85,96,6.93,overcast clouds
405,San Angelo,US,31.4638,-100.437,72.54,37,0,17.27,clear sky
406,Khandyga,RU,62.6667,135.6,-50.64,100,95,1.77,overcast clouds
407,Zheleznodorozhnyy,RU,55.7503,38.0042,24.35,97,90,4.7,overcast clouds
408,Alvorada,BR,-12.48,-49.1247,77.76,86,98,1.63,light rain
409,Tambun,ID,-6.2641,107.0712,77.49,79,98,2.55,overcast clouds
410,Awbari,LY,26.5921,12.7805,62.04,58,100,6.44,overcast clouds
411,Vytegra,RU,61.0064,36.4481,16.77,93,94,5.99,overcast clouds
412,Airai,TL,-8.9266,125.4092,61.27,89,100,0.74,overcast clouds
413,Cedeno,CO,7.0464,-72.1634,80.82,74,100,2.77,overcast clouds
414,Katsuura,JP,35.1333,140.3,67.19,66,100,23.38,overcast clouds
415,Muisne,EC,0.6,-80.0333,75.45,82,100,12.33,overcast clouds
416,Klaksvik,FO,62.2266,-6.589,45.52,87,2,10.8,clear sky
417,Kodiak,US,57.79,-152.4072,27.91,93,100,0.0,snow
418,Biak,ID,-0.9131,122.8766,76.19,79,69,2.77,broken clouds
419,Dunedin,NZ,-45.8742,170.5036,58.8,76,100,4.45,overcast clouds
420,Ambulu,ID,-8.345,113.6058,75.56,92,100,1.1,overcast clouds
421,Bagdarin,RU,54.4333,113.6,-22.32,89,19,3.94,few clouds
422,Mahibadhoo,MV,3.7833,72.9667,80.02,71,100,4.99,overcast clouds
423,Nemuro,JP,43.3236,145.575,47.8,84,100,17.54,overcast clouds
424,Fort Walton Beach,US,30.4058,-86.6188,75.85,75,0,12.66,clear sky
425,Parkes,AU,-33.1333,148.1833,55.92,57,0,10.45,clear sky
426,Sao Jose Da Coroa Grande,BR,-8.8978,-35.1478,78.85,78,43,13.8,scattered clouds
427,Altay,CN,47.8667,88.1167,-8.19,50,0,7.47,clear sky
428,Santa Cruz Del Sur,CU,20.7147,-77.9956,84.43,59,4,4.43,light rain
429,Dubrovnik,HR,42.6481,18.0922,49.64,61,0,5.75,clear sky
430,Trairi,BR,-3.2778,-39.2689,79.16,77,99,10.69,overcast clouds
431,Brinkovskaya,RU,46.0347,38.5869,38.07,65,100,17.67,overcast clouds
432,Miri,MY,4.4148,114.0089,75.9,91,53,3.8,broken clouds
433,Yambio,SS,4.5721,28.3955,68.29,92,99,3.0,overcast clouds
434,Sudislavl,RU,57.8817,41.7083,10.15,97,95,3.65,overcast clouds
435,Norilsk,RU,69.3535,88.2027,-3.23,98,100,6.24,overcast clouds
436,Brezovo,BG,42.35,25.0833,38.62,97,100,3.67,overcast clouds
437,Miranda,CO,3.2499,-76.2281,77.13,86,100,0.63,light rain
438,Vuktyl,RU,63.8567,57.3094,3.94,96,100,7.58,overcast clouds
439,Price,US,39.5994,-110.8107,41.11,48,96,5.97,overcast clouds
440,Vila Franca Do Campo,PT,37.7167,-25.4333,70.2,93,100,18.72,overcast clouds
441,Vestmannaeyjar,IS,63.4427,-20.2734,37.62,58,18,3.8,few clouds
442,Voi,KE,-3.3945,38.563,71.51,91,25,4.45,light rain
443,Terney,RU,45.0503,136.6092,30.9,95,100,6.64,snow
444,Tezu,IN,27.9167,96.1667,62.62,42,2,4.68,clear sky
445,Beringovskiy,RU,63.05,179.3167,30.11,97,100,28.88,snow
446,Mao,ES,39.8885,4.2658,55.96,76,40,19.57,scattered clouds
447,Port Macquarie,AU,-31.4333,152.9167,72.9,82,9,8.48,clear sky
448,Crvenka,RS,45.6586,19.4556,38.41,77,20,13.13,few clouds
449,Mocuba,MZ,-16.8392,36.9856,74.01,92,100,4.27,overcast clouds
450,Abonnema,NG,4.7084,6.7931,78.39,81,43,5.41,scattered clouds
451,Mazyr,BY,52.0495,29.2456,26.44,97,100,3.71,overcast clouds
452,Cacak,RS,43.8914,20.3497,37.0,93,15,2.59,few clouds
453,Tarnos,FR,43.5417,-1.4628,56.55,85,75,19.57,broken clouds
454,Birao,CF,10.2849,22.7882,75.33,28,82,3.4,broken clouds
455,Byron Bay,AU,-28.65,153.6167,72.95,88,100,6.85,overcast clouds
456,Havre-Saint-Pierre,CA,50.2334,-63.5986,30.56,74,75,10.36,broken clouds
457,Borisoglebskiy,RU,57.2586,39.1508,6.75,99,100,4.05,overcast clouds
458,Husavik,IS,66.0449,-17.3389,29.75,61,10,12.77,clear sky
459,Praia Da Vitoria,PT,38.7333,-27.0667,67.75,93,100,29.1,overcast clouds
460,Half Moon Bay,US,37.4636,-122.4286,63.41,63,0,13.8,clear sky
461,Shitanjing,CN,39.2342,106.3439,4.15,23,87,9.91,overcast clouds
462,Chaoyang,CN,41.5703,120.4586,15.19,29,1,19.55,clear sky
463,Mazamari,PE,-11.3258,-74.5308,88.11,49,98,1.39,overcast clouds
464,Sobolevo,RU,54.4299,31.8996,28.96,96,100,9.69,overcast clouds
465,Nha Trang,VN,12.25,109.1833,75.2,92,21,4.12,few clouds
466,Mayor Pablo Lagerenza,PY,-19.9309,-60.7718,101.59,15,5,8.77,clear sky
467,Pendleton,US,45.6721,-118.7886,38.64,88,100,11.5,light rain
468,Rio Grande,BR,-32.035,-52.0986,78.91,81,4,14.79,clear sky
469,Tagusao,PH,9.1924,117.8141,79.09,81,38,3.91,scattered clouds
470,Bad Wildungen,DE,51.1196,9.1248,41.18,93,100,3.44,overcast clouds
471,Maxixe,MZ,-23.8597,35.3472,73.13,82,100,13.4,light rain
472,Murgab,TM,37.4966,61.9714,49.48,74,15,3.44,few clouds
473,Nelson,NZ,-41.2833,173.2833,59.29,82,100,1.01,overcast clouds
474,Buraydah,SA,26.326,43.975,68.86,25,100,9.95,overcast clouds
475,Hudiksvall,SE,61.729,17.1036,36.61,91,100,5.32,overcast clouds
476,Mandera,KE,3.9366,41.867,82.26,54,38,5.88,scattered clouds
477,Balingasay,PH,16.3573,119.8564,80.67,79,31,8.97,scattered clouds
478,Miandrivazo,MG,-19.5167,45.4667,79.65,67,23,4.94,few clouds
479,Salatiga,ID,-7.3319,110.4928,72.19,94,100,3.22,overcast clouds
480,Yarovoye,RU,52.9273,78.58,-12.3,92,18,3.4,few clouds
481,Gimli,CA,50.6336,-96.9907,31.03,87,99,16.37,overcast clouds
482,Limenaria,GR,40.6261,24.5786,48.94,83,100,15.28,overcast clouds
483,Kaita,JP,34.3667,132.55,60.35,92,100,4.94,light rain
484,Leninskoye,KZ,41.7589,69.3864,47.34,81,100,6.91,light rain
485,The Valley,AI,18.217,-63.0578,82.26,68,34,17.36,scattered clouds
486,Cuamba,MZ,-14.8031,36.5372,75.79,70,99,8.68,overcast clouds
487,Tautira,PF,-17.7333,-149.15,77.49,79,6,11.63,clear sky
488,Bandarbeyla,SO,9.4942,50.8122,77.61,69,64,16.78,broken clouds
489,Salisbury,GB,51.0693,-1.7957,41.86,97,20,4.61,fog
490,Atar,MR,20.5169,-13.0499,69.58,16,0,11.77,clear sky
491,Kaeo,NZ,-35.1,173.7833,63.73,65,92,6.49,overcast clouds
492,Penha,BR,-26.7694,-48.6458,71.47,88,75,14.97,broken clouds
493,Ozernovskiy,RU,51.5,156.5167,30.9,66,100,24.23,light snow
494,Sinnamary,GF,5.3833,-52.95,78.01,85,99,6.91,overcast clouds
495,Jiayuguan,CN,39.8167,98.3,3.36,30,100,9.64,overcast clouds
496,Benguela,AO,-12.5763,13.4055,77.63,81,100,1.95,overcast clouds
497,Aden,YE,12.7794,45.0367,78.78,70,22,10.74,few clouds
498,Mugur-Aksy,RU,50.35,90.5,-16.1,59,22,5.5,few clouds
499,Estelle,US,29.8458,-90.1067,77.0,60,0,4.61,clear sky
500,Gushikawa,JP,26.3544,127.8686,74.43,94,0,0.0,clear sky
501,Camana,PE,-16.6228,-72.7111,70.11,77,68,7.96,broken clouds
502,Sabha,LY,27.0377,14.4283,59.88,58,43,7.9,scattered clouds
503,Aksu,CN,41.1231,80.2644,19.51,27,78,7.2,broken clouds
504,Muzaffarabad,PK,34.37,73.4711,54.03,36,18,5.86,few clouds
505,Bathsheba,BB,13.2167,-59.5167,81.21,69,20,19.57,few clouds
506,Quatre Cocos,MU,-20.2078,57.7625,73.09,77,100,3.62,overcast clouds
507,Kantang,TH,7.4054,99.5156,74.62,94,56,3.36,broken clouds
508,Laguna,US,38.421,-121.4238,64.29,50,0,0.0,clear sky
509,Amahai,ID,-3.3333,128.9167,78.31,82,77,2.42,broken clouds
510,Vanimo,PG,-2.6741,141.3028,77.88,85,100,3.94,overcast clouds
511,Mandalgovi,MN,45.7625,106.2708,-13.13,62,2,14.12,clear sky
512,Avera,US,33.194,-82.5271,67.51,50,0,10.04,clear sky
513,Natalio,PY,-26.7167,-55.0833,81.57,49,83,2.46,broken clouds
514,Galbshtadt,RU,53.2264,78.9845,-15.56,93,22,3.29,few clouds
515,Najran,SA,17.4924,44.1277,59.67,41,42,2.01,scattered clouds
516,Unguia,CO,8.0434,-77.0945,79.09,81,100,5.23,overcast clouds
517,Pangkalanbuun,ID,-2.6833,111.6167,73.45,96,94,2.21,overcast clouds
518,Valdivia,CL,-39.8142,-73.2459,75.29,44,68,6.2,broken clouds
519,Srandakan,ID,-7.9386,110.2506,76.6,87,100,0.36,overcast clouds
520,Aasiaat,GL,68.7098,-52.8699,11.7,78,84,12.93,broken clouds
521,Pekan,MY,3.4836,103.3996,78.96,89,77,5.61,broken clouds
522,Fereydun Kenar,IR,36.6864,52.5225,59.61,77,99,7.05,overcast clouds
523,Challans,FR,46.8436,-1.8749,45.52,78,2,9.93,clear sky
524,Ismailia,EG,30.6043,32.2723,64.35,42,98,6.58,overcast clouds
525,Kandrian,PG,-6.2167,149.55,80.51,80,85,7.67,overcast clouds
526,Flin Flon,CA,54.7682,-101.865,18.32,92,100,14.52,light snow
527,Batagay,RU,67.6333,134.6333,-47.16,99,84,1.48,broken clouds
528,Visegrad,BA,43.7847,19.2992,33.66,96,18,2.48,few clouds
529,San Cayetano,CO,7.8771,-72.6243,81.48,69,40,9.22,scattered clouds
530,Torgau,DE,51.5667,13.0,41.11,78,100,5.48,overcast clouds
531,Aleksandrovskoye,RU,44.7142,43.0008,35.87,74,80,13.15,broken clouds
532,Goulburn,AU,-34.75,149.7167,51.42,69,6,13.38,clear sky
533,Tamala,RU,52.541,43.2515,22.82,61,8,8.84,clear sky
534,Nago,JP,26.5881,127.9761,72.03,87,0,7.54,clear sky
535,Ola,RU,59.5833,151.2833,11.19,85,100,15.82,overcast clouds
536,Chake Chake,TZ,-5.2459,39.7666,76.8,88,40,6.87,scattered clouds
537,Nishihara,JP,26.1842,127.7558,74.48,94,20,9.22,few clouds
538,Balagansk,RU,54.0103,103.0544,-0.56,89,100,16.96,overcast clouds
539,Hervey Bay,AU,-25.2986,152.8535,73.89,83,100,7.45,overcast clouds
540,Garowe,SO,8.4054,48.4845,73.13,52,79,12.53,broken clouds
541,Evensk,RU,61.95,159.2333,21.6,83,100,26.62,light snow
542,Huallanca,PE,-9.8993,-76.9417,58.32,49,100,7.96,overcast clouds
543,Portland,US,45.5234,-122.6762,47.57,77,75,5.01,broken clouds
544,Selty,RU,57.3132,52.1345,4.53,98,100,1.28,overcast clouds
545,Ixtapa,MX,20.7,-105.2,78.03,65,0,6.91,clear sky
546,Lavrentiya,RU,65.5833,-171.0,13.57,96,47,2.8,scattered clouds
547,Mizdah,LY,31.4451,12.9801,59.88,66,99,3.4,overcast clouds
548,Maamba,ZM,-17.3667,27.15,69.31,84,7,2.17,light rain
549,Tegh,AM,39.5579,46.4772,39.47,94,95,1.25,overcast clouds
550,Broken Hill,AU,-31.95,141.4333,56.16,63,0,18.05,clear sky
551,Sola,VU,-13.8833,167.55,82.31,73,89,9.1,overcast clouds
552,Grado,ES,43.388,-6.0743,52.09,88,75,6.91,broken clouds
553,Honiara,SB,-9.4333,159.95,81.66,81,98,3.09,light rain
554,Natal,BR,-5.795,-35.2094,81.25,78,40,12.66,scattered clouds
555,Galich,RU,58.3797,42.3475,9.3,97,98,3.15,overcast clouds
556,Litovko,RU,49.2361,135.1742,11.52,95,100,4.03,light snow
557,Xuzhou,CN,34.1805,117.1571,47.71,68,100,14.92,overcast clouds
558,Fort Nelson,CA,58.8053,-122.7002,0.95,78,69,3.0,broken clouds
559,Nelson Bay,AU,-32.7167,152.15,69.1,94,12,8.01,few clouds
560,Frome,GB,51.2283,-2.3221,45.01,95,7,2.66,clear sky
561,Tocopilla,CL,-22.092,-70.1979,67.23,75,22,7.81,few clouds
562,Arcachon,FR,44.5875,-1.0519,50.05,87,40,2.3,scattered clouds
563,Cururupu,BR,-1.8283,-44.8683,79.18,75,74,4.9,broken clouds
564,Lianran,CN,24.9227,102.485,47.3,90,0,2.62,clear sky
565,Quesnel,CA,52.9999,-122.5029,12.94,70,85,4.41,overcast clouds
566,Badarwas,IN,24.9667,77.5667,58.73,38,0,4.14,clear sky
567,Hovd,MN,48.0056,91.6419,-6.38,54,0,3.71,clear sky
568,Kijang,KR,35.2442,129.2139,64.62,94,100,14.32,moderate rain
569,Bijie,CN,27.3125,105.2942,52.72,88,100,2.84,overcast clouds
570,Adrar,MR,20.5022,-10.0711,67.06,18,0,12.71,clear sky
571,Ostersund,SE,63.1792,14.6357,33.62,100,100,44.0,overcast clouds
572,Canutama,BR,-6.5339,-64.3831,84.4,69,88,1.74,overcast clouds
573,Kalmunai,LK,7.4167,81.8167,77.59,79,100,5.88,overcast clouds
574,Ilovlya,RU,49.3033,43.9796,26.29,51,59,10.42,broken clouds
575,Arcata,US,40.8665,-124.0828,52.93,81,99,8.01,overcast clouds
576,Twentynine Palms,US,34.1356,-116.0542,66.63,22,100,4.9,overcast clouds
577,Yarmouth,US,41.7057,-70.2286,50.47,69,20,25.01,few clouds
578,Athabasca,CA,54.7169,-113.2854,10.85,72,100,15.93,overcast clouds
579,Abu Dhabi,AE,24.4667,54.3667,77.02,79,0,1.14,clear sky
580,Penzance,GB,50.1186,-5.5371,47.08,77,8,16.2,clear sky
581,Borba,BR,-4.3878,-59.5939,84.27,65,91,3.89,moderate rain
582,Westport,US,41.1415,-73.3579,52.56,61,0,13.8,clear sky
583,Mattru,SL,7.6244,-11.8332,74.88,90,80,2.8,light rain
584,Bonavista,CA,48.6499,-53.1147,37.2,97,100,22.03,moderate rain
585,Nortelandia,BR,-14.4547,-56.8028,95.2,21,6,7.23,clear sky
586,Jaciara,BR,-15.9653,-54.9683,91.63,24,0,8.16,clear sky
587,Erzin,TR,36.9559,36.2,58.24,62,100,8.3,overcast clouds
588,Sterling,US,39.0062,-77.4286,52.16,64,100,14.0,overcast clouds
589,Dawei,MM,14.0833,98.2,74.5,93,66,3.06,broken clouds
590,Tulun,RU,54.5611,100.5792,-0.02,84,100,16.11,overcast clouds
591,Borovichi,RU,58.3878,33.9155,20.57,96,100,6.2,overcast clouds
592,Havoysund,NO,70.9963,24.6622,39.43,80,97,12.55,overcast clouds
593,Valparaiso,CL,-33.0393,-71.6273,65.84,90,75,11.5,broken clouds
594,Kirakira,SB,-10.4544,161.9205,82.47,77,100,5.48,overcast clouds
595,Mackay,AU,-21.15,149.2,79.68,83,92,6.44,light rain
596,Ossora,RU,59.2353,163.0719,19.96,94,100,14.97,light snow
597,Afyonkarahisar,TR,38.75,30.6667,42.87,66,100,3.71,overcast clouds
598,Shakawe,BW,-18.3667,21.85,75.29,38,0,4.81,clear sky
599,San Juan,AR,-31.5375,-68.5364,99.23,14,15,7.16,few clouds
600,Nizwa,OM,22.9333,57.5333,70.66,41,0,4.99,clear sky
601,Masterton,NZ,-40.9597,175.6575,59.88,64,99,8.63,overcast clouds
602,Taboc,PH,8.8783,124.7975,74.68,78,79,6.55,broken clouds
603,Juneau,US,58.3019,-134.4197,29.21,85,20,0.0,few clouds
604,Aykhal,RU,66.0,111.5,-23.69,100,100,4.83,overcast clouds
605,Kavaratti,IN,10.5669,72.642,80.78,69,55,2.04,broken clouds
606,Bukachacha,RU,52.9833,116.9167,-17.79,93,100,3.78,overcast clouds
607,Luang Prabang,LA,19.8856,102.1347,69.22,99,27,0.54,scattered clouds
608,Barcelos,PT,41.5388,-8.6151,50.92,84,56,2.91,broken clouds
609,Polyarnyy,RU,69.1989,33.4478,26.47,90,50,10.31,scattered clouds
610,Morrisburg,CA,44.9001,-75.1826,34.52,68,73,7.72,broken clouds
611,Chemal,RU,51.4111,86.005,-9.0,91,18,5.03,few clouds
612,Usinsk,RU,65.9939,57.5281,3.0,98,99,11.14,overcast clouds
613,Bollnas,SE,61.3482,16.3946,34.74,100,100,1.88,overcast clouds
614,Yichun,CN,47.7,128.9,10.65,95,100,0.96,light snow
615,Kigoma,TZ,-4.8769,29.6267,73.27,78,71,0.49,broken clouds
616,Gunnedah,AU,-30.9833,150.25,65.57,48,0,3.76,clear sky
617,Wittstock,DE,53.1612,12.4829,37.54,84,100,9.31,light rain
618,Kamarion,GR,36.8,25.8167,56.08,87,100,16.46,overcast clouds
619,Port Shepstone,ZA,-30.7414,30.455,68.54,79,95,11.54,overcast clouds
620,Lyman,UA,48.9884,37.8023,31.37,55,99,11.54,overcast clouds
621,Camopi,GF,3.1655,-52.3158,74.23,96,100,3.36,overcast clouds
622,Taoudenni,ML,22.6783,-3.9836,69.44,19,100,13.6,overcast clouds
623,Igarka,RU,67.4667,86.5833,3.33,97,100,7.56,overcast clouds
624,Ocean City,US,39.2776,-74.5746,53.02,55,100,8.01,overcast clouds
625,Joshimath,IN,30.5667,79.5667,48.87,16,1,8.37,clear sky
626,Kiama,AU,-34.6833,150.8667,66.0,66,2,1.99,clear sky
627,Andra,RU,62.5147,65.8878,2.12,92,100,4.97,overcast clouds
628,Northam,GB,51.0333,-4.2167,47.39,83,13,10.02,few clouds
629,Aranos,NA,-24.1333,19.1167,81.16,28,14,16.73,few clouds
630,Calama,CL,-22.4667,-68.9333,73.89,18,0,29.93,clear sky
631,Cap Malheureux,MU,-19.9842,57.6142,73.47,77,100,1.99,overcast clouds
632,Charlottetown,CA,46.2352,-63.1267,37.56,93,100,17.0,overcast clouds
633,Chubbuck,US,42.9208,-112.4661,31.14,77,100,14.97,overcast clouds
634,Hornepayne,CA,49.2138,-84.7705,27.84,57,100,5.61,overcast clouds
635,Soledade,BR,-28.8183,-52.5103,71.26,62,75,11.59,broken clouds
636,Dakar,SN,14.6937,-17.4441,76.08,66,41,15.23,scattered clouds
637,Murino,RU,60.0494,30.4459,26.55,97,68,4.59,broken clouds
638,Kot Addu,PK,30.4692,70.9671,60.67,23,0,3.91,clear sky
639,Saint-Georges,GD,12.0564,-61.7485,80.28,78,75,9.22,broken clouds
640,Bilma,NE,18.6853,12.9164,64.31,24,100,9.64,overcast clouds
641,Sao Miguel,BR,-5.4667,-35.3667,81.37,76,43,10.63,scattered clouds
642,Samarai,PG,-10.6167,150.6667,82.08,79,100,1.72,overcast clouds
643,La Asuncion,VE,11.0333,-63.8628,79.21,80,100,16.33,light rain
644,Porto Velho,BR,-8.7619,-63.9039,77.05,83,20,4.61,light rain
645,Aquiraz,BR,-3.9014,-38.3911,80.69,73,51,9.93,broken clouds
646,Lydenburg,ZA,-25.0978,30.4597,56.68,90,100,3.2,overcast clouds
647,Nantucket,US,41.2835,-70.0995,51.94,69,0,11.5,clear sky
648,Yeniseysk,RU,58.4497,92.1703,-1.66,90,99,7.54,overcast clouds
649,Changde,CN,29.0464,111.6783,52.32,55,99,14.45,overcast clouds
650,Ayan,RU,56.45,138.1667,-5.94,92,11,16.53,few clouds
651,Barma,SL,8.35,-11.3333,72.72,90,87,1.59,overcast clouds
652,Iwaki,JP,37.05,140.8833,61.77,77,99,1.01,overcast clouds
653,Puerto Del Rosario,ES,28.5004,-13.8627,69.55,78,40,18.41,scattered clouds
654,Portree,GB,57.4129,-6.1942,43.52,94,41,3.42,scattered clouds
655,Galle,LK,6.0367,80.217,76.86,85,89,2.57,overcast clouds
656,Itarsi,IN,22.6167,77.75,58.35,52,1,4.94,clear sky
657,Laramie,US,41.3114,-105.5911,32.95,64,100,20.71,overcast clouds
658,Auki,SB,-8.7676,160.7034,80.22,83,98,3.13,overcast clouds
659,Duartina,BR,-22.4144,-49.4039,75.04,64,86,10.36,overcast clouds
660,Santiago,CL,-33.4569,-70.6483,84.54,42,0,19.57,clear sky
661,Khandbari,NP,27.3747,87.2039,56.08,70,7,3.29,clear sky
662,Sakakah,SA,29.9697,40.2064,63.99,58,100,6.67,overcast clouds
663,Cabadiangan,PH,9.7531,122.4739,76.01,90,10,5.14,clear sky
664,Mporokoso,ZM,-9.3727,30.125,62.19,91,100,2.82,overcast clouds
665,Ballina,AU,-28.8667,153.5667,73.02,91,100,6.49,overcast clouds
666,Marystown,CA,47.1666,-55.1483,47.03,96,100,19.55,light rain
667,La Jagua Del Pilar,CO,10.5102,-73.071,83.07,69,99,5.5,light rain
668,Solnechnyy,RU,50.7214,136.6319,10.65,90,100,3.67,light snow
669,Ninghai,CN,29.2892,121.4247,66.45,98,100,4.43,overcast clouds
670,Karasburg,NA,-28.0167,18.75,76.89,24,6,10.33,clear sky
671,Clive,US,41.603,-93.7241,53.85,37,75,14.0,broken clouds
672,Salalah,OM,17.0151,54.0924,73.49,73,0,3.44,clear sky
673,Salamiyah,SY,35.0113,37.0532,58.91,56,100,22.57,overcast clouds
674,Santa Isabel Do Rio Negro,BR,-0.4139,-65.0192,75.27,96,100,2.01,overcast clouds
675,Kamaishi,JP,39.2667,141.8833,57.76,89,100,15.21,overcast clouds
676,Niono,ML,14.2526,-5.993,79.77,14,100,4.99,overcast clouds
677,Estepona,ES,36.4276,-5.1459,58.82,45,21,7.67,few clouds
678,Waspan,NI,14.7419,-83.9717,81.14,78,58,6.8,broken clouds
679,Codrington,AU,-38.2667,141.9667,53.85,85,77,8.66,broken clouds
680,Schwedt,DE,53.0596,14.2815,38.52,85,98,10.8,overcast clouds
681,Goderich,CA,43.7501,-81.7165,36.91,61,73,3.8,broken clouds
682,Strezhevoy,RU,60.7333,77.5889,-16.01,99,69,4.59,broken clouds
683,Waitati,NZ,-45.75,170.5667,58.8,76,100,2.98,moderate rain
684,Gat,IL,31.61,34.7642,67.41,100,100,1.03,overcast clouds
685,Kudahuvadhoo,MV,2.6708,72.8944,80.2,69,100,5.82,overcast clouds
686,Acapulco,MX,16.8634,-99.8901,84.02,70,40,8.05,scattered clouds
687,Pajapan,MX,18.25,-94.7,77.16,79,58,7.07,light rain
688,Konstantinovka,RU,49.6167,127.9833,1.47,96,100,11.92,light snow
689,Neuquen,AR,-38.9516,-68.0591,94.89,24,20,4.61,few clouds
690,Caceres,ES,39.522,-6.3748,45.25,74,14,7.38,few clouds
691,Chiang Khong,TH,20.2613,100.4046,68.81,100,35,0.6,scattered clouds
